category_id;category_name;id;title;hash
2162;Games_Xbox;1013876;"The.Elder.Scrolls.IV.Oblivion.Edition.5e.Anniversaire.PAL.FR.XBOX360-SHADO1664";cdde31fe64e9b3f5b97f254c4d900cf4a0be350e
2162;Games_Xbox;1027229;"Dragonball.Z.Budokai.HD.Collection.PAL.XBOX360-SWAG";cc20cd6489b7cfad54386bc11c853ab2da2d9d88
2162;Games_Xbox;1025116;"Dead.Island.Riptide.XBOX360-iMARS (RF)";3c82f5a322ea769fcabd7e00488fa34d8487bbc6
2162;Games_Xbox;1027219;"Far.Cry.3.Blood.Dragon.XBLA.XBOX360 (RF)";bf70b9263735544108d698c9c2292ae50905f943
2162;Games_Xbox;1024620;"Assassins.Creed.III.XBOX360-COMPLEX (RF)";f766ca465545925b291bda0c13906945aa502e82
2162;Games_Xbox;1025165;"Deus.Ex.Human.Revolution.XBOX360-COMPLEX (RF)";20a3f16bb6d687f574238831637b891acf6c5817
2162;Games_Xbox;1028465;"Medal.of.Honor.Warfighter.XBOX360-iMARS (RF)";26bb30459cb26533c5186a810d27c384c7d227a3
2162;Games_Xbox;1028521;"Omerta_City_Of_Gangsters-XBOX360-DAGGER (RF)";07e643d78dc4c124352f27bbe5c2780d86ecd6ad
2162;Games_Xbox;1028460;"I.Am.Alive.XBLA.XBOX360 (RF)";87ef06473ac967faa3b0c2e4737bd2c96f3abd06
2162;Games_Xbox;1024588;"Army.of.Two.The.Devils.Cartel.XBOX360-COMPLEX  (RF)";8178e7d15b1b3146490561f319d2e6f509c082b5
2162;Games_Xbox;1027237;"Gears.of.War.Judgment.XBOX360-iMARS";8bfdc5b910b1c12aca7af897e313601943062750
2162;Games_Xbox;1024651;"Battlefield.3.XBOX360-COMPLEX (RF)";e2adcd7cf0c40f70ed4e1a323069b57ca1b60fec
2162;Games_Xbox;1028515;"Rayman.Origins.XBOX360-MARVEL (RF)";5b690d176f341b3482e71b644378577f1d34201d
2162;Games_Xbox;1025121;"Dead.Space.3.XBOX360 (RF)";1c63324d4d66b6142fb1694537560ce5ebe96be0
2162;Games_Xbox;1027207;"DmC.Devil.may.Cry.XBOX360-COMPLEX (RF)";74b97bae9b928165197707ab551cfde1505a5944
2162;Games_Xbox;1024689;"Battlefield.4.XBOX360-iMARS (RF)";f681acf2a85deb34ff2cc029675e8506934561bb
2162;Games_Xbox;1028494;"Motocross.Madness.XBLA.XBOX360 (RF)";d0d1a62cb1b8266718f272472e89d9b73229027a
2162;Games_Xbox;1047182;"[XBOX360] Goldeneye XBLA (NTSC)";0746644182e40393d71995915760dfe160e22b01
2162;Games_Xbox;1043119;"[XBOX360] Banjo-Kazooie nuts & bolts (NTSC)";23ce17d96eae1131f71edaf1d62f1b35e7f69cae
2162;Games_Xbox;1046845;"[XBOX360] Skate 3 (NTSC)";f0676e60107acb49331a33cd267e1cb2d46d3a4e
2162;Games_Xbox;1043450;"[XBOX360] Lost Odyssey (NTSC)";efe86a6cd66d7e865b97b9c9b6bfbf267419f8f2
2162;Games_Xbox;1085923;"[X360] Fable 2 GOTY Pal FR";da758186931c6e556138d421c82edf36bb43e669
2162;Games_Xbox;110547;"[PC] Dream Daddy 1.0";7df5b2212b2aaec4b79da9e7a86f5aa7f0b8ee38
2162;Games_Xbox;116597;"Aliens Colonial Marines - Xbox360 - JTAG/RGH.iso";57aaeb5ed6388e172690d2c223cd011b1265a25c
2162;Games_Xbox;116483;"Splinter Cell Conviction - Xbox360 - JTAG/RGH.iso";960defe95d5fa9415ff50d9958cd0734f9c1eee6
2162;Games_Xbox;119704;"Le Maître de l'Olympe Zeus et Poséidon [FR] - Dicotout";72e24f2995009ab9c1dfafbbf952bb0ad69982b4
2162;Games_Xbox;1196069;"[Xbox360] Kinect.Disneyland.Adventures.JTAG.RGH";c2d8a648c4acf2ad038833bc14a7648807431842
2162;Games_Xbox;115523;"BlazBlue Continuum Shift Extend-Xbox360 - JTAG/RGH.iso";b1f51d30fa09c0715eba206066a09973c39d5436
2162;Games_Xbox;120883;"Microsoft Flight Simulator pour Windows 95";f1f5dc8a75463d2a51ea99e8e8c42c77c890bbe8
2162;Games_Xbox;1203026;"[XBOX360] Les Simpson Le Jeu (PAL FR)";374b8f3fe0fc3610d0e1e96acf9c221a731a6b7d
2162;Games_Xbox;12065;"Fallout.3.Game.Of.The.Year.FRENCH-ReVOLVeR";1bfbbbed7ccc1b58e0382b9e1e860631dd3fce4d
2162;Games_Xbox;121654;"Dead Space 1-2-3 - Collection Integrale Visceral Games- Xbox360 - JTAG/RGH.iso";e8d73bcaf176d8b00833d1ef4c1bbc87b4964f89
2162;Games_Xbox;12114;"Fallout 2 FR + Patch officiel + RP 1.2";9fbf9ffc23ec2ac8bce8df25c53b012827a37d8d
2162;Games_Xbox;1212589;"[Xbox360] Guitar Hero Metallica  [PAL] ISO";0ffbdbb89b3e33620475f586571dedcdce2ba182
2162;Games_Xbox;1212586;"[Xbox360] Guitar Hero Aerosmith [PAL] ISO";42f4deb58c6c9ac937df44612cc2dfa27e5b6b60
2162;Games_Xbox;122689;"L.A NOIRE - Xbox360 - JTAG/RGH.iso";878651b5d46d3b5e582f144e6cc4655406738798
2162;Games_Xbox;122305;"Mass Effect 1-2-3 - Collection integrale - Xbox 360 - JTAG/RGH.iso";455e9ee92e0ae0fbd2b9b2e142964c49039c85c5
2162;Games_Xbox;1248075;"[Xbox360] Silent Hill 3 [EUR] ISO";7ffbc978f772b8823d3a9c2e9180603b43da5a35
2162;Games_Xbox;1249718;"[XBOX360] Le Parrain (PAL FR)";8e28527b04ddc089f9650bdaf22aa3a95f3c619a
2162;Games_Xbox;12741;"Late Shift [FitGirl Repack]";d2b78fd69b81ce17dc5ce030bca4488876c63b1a
2162;Games_Xbox;1268406;"[Xbox 360] Dead Or Alive Xtreme 2 [EU] JTAG-RGH";421a8f3e2a37cb072bf7a79bc87b1aea446485bb
2162;Games_Xbox;1285696;"[Xbox 360] Blue Dragon [EUR] ISO";7d1295ec0918c7687fb3821942d81a082c5de9cc
2162;Games_Xbox;1286112;"[Xbox 360] Eternal Sonata [EUR] ISO";a09ff22077f16fca9e64b9d3c21b81757a5c71cd
2162;Games_Xbox;1291903;"[X360] Watch Dogs [EUR] Jtag / RGH";3e786bf1ed396fc21843790aee0097dd4e8861f0
2162;Games_Xbox;1403166;"[XBOX] Grand Theft Auto III [PAL]";c63c7a08d576e143b0669601e996ba9c04d11db8
2162;Games_Xbox;1405436;"[XBOX] Le Parrain [PAL]";9377f9a3e7e8c989c0e4a4613aa245b80f61a616
2162;Games_Xbox;1402928;"[XBOX360] Call Of Duty 3 En Marche Vers Paris [PAL]";165d1d635cf2268aaa3ee737d6ae0d5cdb27ce13
2162;Games_Xbox;1405069;"[XBOX360] SSX [PAL]";bc618d699fbd4847543e318e9c3dd9e9dd683a86
2162;Games_Xbox;1403161;"[XBOX360] Fight Night Round 4 [PAL] Vinc3iZ";a274197cfeeba25b0da7fbfcb46bbc371781507f
2162;Games_Xbox;1403181;"[XBOX] Matt Hoffman's Pro BMX 2 [PAL]";e645235cbf3f86c4c90b4ddb8e9248e168150d09
2162;Games_Xbox;142339;"Aven Colony Multi Crack CODEX Win [FITGIRL REPACK]";2bd2b1679bf558ba8695ca082e9963493036a9e4
2162;Games_Xbox;142238;"This Is the Police – GOG (Portable) | +Update v.1.1.3.0";e92539c32b86ee52ca010800e73f1f4e2db92aef
2162;Games_Xbox;146943;"Dishonored.PAL.MULTI4.XBOX360-UNLiMiTED";277dad8266a2c045ab1211862418980a874dc7dc
2162;Games_Xbox;146377;"The Jackbox Party Pack 4 (Portable)";02f32496aa88ac84e84af7009bb8e072d3939ed6
2162;Games_Xbox;146794;"Grim.Dawn.Multi.v1.0.3.2-Incl.DLC [R.G. Mechanics]";a92134a6224287c6925546605d2e7a1fb210d8aa
2162;Games_Xbox;14970;"sims 3 + 9 extention essentielle";6914a8112a414cf0efd8f8d8cef2513ac273d0ca
2162;Games_Xbox;145690;"SpellForce.3.Multi.V1.01/Update.2 - 3DM crack [FITGIRL REPACK]";84f877e1bcb269772aa9ca197ba7cbefc12c9c1d
2162;Games_Xbox;1733;"Call of Duty Modern Warfare 2 XBOX360-Vesty";b8458c53ae7e8711f8cd27fa4976f7bb04a35769
2162;Games_Xbox;16054;"Papers, Please - GOG";a84b360fb0dbcbe148eafe7953c3523da3fb3749
2162;Games_Xbox;16157;"Star Wars Rebellion French Windows";b05fcf4edc4dfbd90c295f8d563ba50537034930
2162;Games_Xbox;166561;"The_Elder_Scrolls_III_Morrowind_Game_Of_The_Year_Edition_PAL_MULTI_REPACK_XBOX-WAR3X";4452a048e196cc6e0f7798272daa243c4a67be04
2162;Games_Xbox;18019;"Portal2-SKIDROW";9d3d6dc9edc3549d3119b49e9cf4c6f5ee4d72f0
2162;Games_Xbox;185486;"[XBOX 360] Forza Horizon 2 presents Fast & Furious [Region Free][MULTI][JTAG/RGH]";fd395d51a1e6b0efbee05e3b3da89f5f2418f621
2162;Games_Xbox;1300532;"[Xbox 360]  Lost Planet: Extreme Condition [EU] ISO";5d28c3c27f1a6fbf855f348d504cda3af5e4ca09
2162;Games_Xbox;1307523;"[XBOX360] Les Simpson Le Jeu (PAL FR) (ISO)";f31676c2d83b3f165e754c931e2294a3a3ff2c02
2162;Games_Xbox;1300990;"[Xbox 360] Vanquish [EU] ISO";a3ed95fd67949da9539aef2d0605a8511e29176d
2162;Games_Xbox;1347960;"[XBOX360] L'Age de Glace 4 - La Dérive des Continents [PAL] [ISO]";609c08752e499d4d625015c1d146ce00155a9960
2162;Games_Xbox;136970;"[XBOX 360] Prototype.2.RF.FR.XBOX360-lululafol.iso";5eddee854d163db5554f854f5b5b0a6fb561b026
2162;Games_Xbox;1381125;"[Xbox 360] Asura's Wrath [EU] ISO";523a02e9c2772757245099dca8bf7b956650b0b3
2162;Games_Xbox;1382824;"[Xbox 360] Dynasty Warriors Gundam [EU] ISO";53627412ddf02042da15a5c0bacab4d2071fe512
2162;Games_Xbox;150717;"GRID.2.XBOX360-SPARE";e5ff31a6940c1d5826787e7c74b6a989d7531d81
2162;Games_Xbox;150535;"Splinter.Cell.Blacklist.XBOX360-iMARS";38c0292bf40a6cebaa757cb0f28eb754ba03be82
2162;Games_Xbox;151270;"Rayman.Legends.XBOX360-iMARS";1ceb02a60be2f66148a2919d4c6afe86f9f57f0e
2162;Games_Xbox;21062;"Battlestations Midway";c3aef0d0e7cdad7aaaa549baa08c91de64a1a608
2162;Games_Xbox;21849;"Battlestations Pacific - Reloaded";42a6f637d6cf891c177b2978c233c1b857f3bbd8
2162;Games_Xbox;22442;"Ace.Combat.Assault.Horizon.PAL.XBOX360";a739139fda284998eff649ca9db29783578aa2d2
2162;Games_Xbox;24755;"[PC] CALADRIUS BLAZE (Shmup)";78bea4ffc869e468d0608b06f78f0fe29da4f72b
2162;Games_Xbox;24648;"[xbox360] Metal gear solid V - the phantom pain - ISO - NoTag";d73d075fc4b36fbb80518195cc59cab463367698
2162;Games_Xbox;27411;"Left 4 Dead 2.1.4.4 + Dedicated Server + Addon_Support + No Steam";b678d67005384dd23df5bb0a9d68a0fbb009b7ef
2162;Games_Xbox;26699;"[xbox360] Metro Last Light - ISO - NoTag";44fba260915204468359b1ebbb77dedcb9a28321
2162;Games_Xbox;268961;"Thief.XBOX360-COMPLEX [MULTI][Region Free][XDG2]";53a59f2e0420dcce04b0e1538bcfb30c3ffb83dc
2162;Games_Xbox;26961;"Empereur - Bataille pour Dune - VF";8cf1f3f0880f7d38358682bdaf6ff040c8273a0c
2162;Games_Xbox;263950;"Call_of_Duty_World_at_War_PAL_FRENCH_XBOX360-ZER0";8233e274c4bac6deaef869a37db732f3c145a0f9
2162;Games_Xbox;26598;"Metro 2033 - Xbox360 ISO - Hornetovore";309d1346a8dcd8c2096186277deba48f581cfbba
2162;Games_Xbox;287592;"[xbox360] WRC FIA World Rally Championship 4 - ISO - NoTag";65cb4115b0983a05a749d01304b7dcfa1883a40b
2162;Games_Xbox;286003;"[xbox360] WRC 5 - ISO - NoTag";692180b9b116c65937e33bac7da9c1b952075fee
2162;Games_Xbox;23190;"Little Nightmares";e030a6228cb5a6a2473d59b0a8cdd95537edf400
2162;Games_Xbox;23355;"PREPAR3D PROFESSIONAL PLUS VERSION 4.0.28.21686";a27350e9aec331928d066fae85de328c7979ee2d
2162;Games_Xbox;252910;"Lucius-SKIDROW";1f4ff3fa2eca5917ecc96fc8a905aea9dde94f8d
2162;Games_Xbox;25276;"DBZ saga - Xbox360 ISO - Hornetovore";51581984dd89fa1b937e63828daf10344cde4749
2162;Games_Xbox;257665;"[P3D-V4] Flight Sim Labs - FSLabs A320X - v2.0.1.237";13529230d81ac2701fbcf9c4f7b7d2670dae795e
2162;Games_Xbox;25985;"[xbox360] Devil may cry HD collection - ISO - NoTag";fb823a69a80a417e890e4fe3d7813e557aaa4929
2162;Games_Xbox;404881;"UFC undisputed 3 - XPG - Multi [X360]";4d7f6c610df001e20e72bb9aeb979c292fce1352
2162;Games_Xbox;40732;"FSX Packs Night Environment (16 pays)";7021760ad6a4b328b7f6eb175eded70b1068723a
2162;Games_Xbox;40611;"FSX Twin Otter Extended 1.21";c5ff81d695c893fac2458a33cd158fdbcc88aea5
2162;Games_Xbox;40637;"FSX PRO-ATC v 1.8.5";5541e5103e622eae93ed4b372bcf3c231474c1c2
2162;Games_Xbox;406726;"Call of.Duty.Ghosts.PAL.FRENCH.XBOX360-lululafol";c878a4849b30857fde54ddd86c60801d43cfa0bf
2162;Games_Xbox;40304;"La.terre.du.milieu.Lombre.du.Mordor.XBOX360";cc22cbd328974f18e4cd17bf83b15ac9f525dfac
2162;Games_Xbox;403745;"Dragonball Xenoverse.PAL.XBOX360-COMPLEX";e6da60b3f499f46a60fe580e9d256a27aa6c8c3f
2162;Games_Xbox;41005;"FSX A320 Family immersion";4ec6d36b3c41063f3dbacf0a8cfa6a97db0da176
2162;Games_Xbox;41035;"FSX FS2Crew-Rass Pro V 2.3.1.7";626d0d0c09468cad7037b9449806ced9497953b9
2162;Games_Xbox;41057;"FSX 777 Immersion V 1.3.1.1";424d40e5d9e73b8a3b8bfbad25e13c213134c470
2162;Games_Xbox;41779;"Mass.Effect.2.PAL.XBOX360";5a4909dab4f1b17232c8d8d25c7a5f70af6238f6
2162;Games_Xbox;41381;"FSX NDEC135";10749ecb91815e10cf9cce201eb103f1090f0188
2162;Games_Xbox;41353;"FSX Gazelle";3ee59da60742b304093628caae34ba8426fd96a6
2162;Games_Xbox;41570;"South Park Le Bâton de la Vérité Version 1.2";0382e94dac36749f3e4ab7b695df0864b92f9e80
2162;Games_Xbox;421708;"Sonic.Free.Riders.XBOX360-DAGGER";5cc518fe9ac43b741e99603c3ccaaa8c71522839
2162;Games_Xbox;421705;"Cabelas.Adventure.Camp.XBOX360-COMPLEX";2725d2fa23d5fe4c5c53776395dde5baaf2cb679
2162;Games_Xbox;421703;"Midnight.Club.Los.Angeles.Complete.Edition.PAL.XBOX360-VATOS";e829af265a56c9dcb7566ad32c61d986fdf3b022
2162;Games_Xbox;421714;"The.Adventures.of.Tintin.XBOX360-COMPLEX";96aae31bd3565f573ace1cd559d7e4605d90f9f2
2162;Games_Xbox;42193;"FSX Turbine Duke V 1.2";07c2b44cbf2d535381fba81b6410119ccaadae7d
2162;Games_Xbox;421718;"Toy.Story.3.XBOX360.COMPLEX";4d5f412b7361a584ac76e4a52c6419dee409e4ad
2162;Games_Xbox;421713;"Rango.The.Videogame.RF.XBOX360-STRANGE";476162ce21880caff9cb31017fd7f9ef17cd792b
2162;Games_Xbox;42243;"FSX Ants Airplane-Sierra LSA v1.41";908a1a51bcbde215f114ad795144a0b075dccf28
2162;Games_Xbox;42263;"FSX Ants airplanes-Eaglet LSA v1.21";216e3b9c90d7943e4006f1e6771be58824351f26
2162;Games_Xbox;42560;"FSX  Airports Français";c1a5453a0525397140e1f31fe2bd12095120529d
2162;Games_Xbox;44033;"FSX Pack PMDG 737 6 / 7 / 8 / 9 + textures SP1C";49fc9575cbf516c973998300e6d577183e469c4f
2162;Games_Xbox;44009;"Ultra.Street.Fighter.IV.PAL.XBOX360";80ad8fc3b6810e89f19a408769487febc69ef319
2162;Games_Xbox;44234;"Fallout.4.v1.7.12.incl.6DLC.FRENCH-Mephisto";a85fe324afe214d378848d871f65e803e52ead72
2162;Games_Xbox;446979;"Vandal.Hearts.Flames.of.Judgment.XBLA.XBOX360-IND";8d6589b54eb36f15cf891058260af123fd949e86
2162;Games_Xbox;446949;"GTA V - XBOX 360 - FR/EN - ISO - PAL";08949a0401d8d03c26deed2b3180251b3c938845
2162;Games_Xbox;443288;"Soulcalibur V (2012) XBOX360-COMPLEX";91a8b1a98b7a5c9b06fc652d08632b358f237630
2162;Games_Xbox;47943;"Halo.2.PAL.XBOX360-MasterChief";4d45796981b5564d88d25e28c870ff6352bbc965
2162;Games_Xbox;48094;"Metal Gear Solid HD Collection [MULTI][XBOX360]";09ba4c47484f720c1de1a748a696e7b5fcfdf164
2162;Games_Xbox;48650;"Super Hexagon";8f84ce6d5b57d8e3662475af9a7e58c140b9bb57
2162;Games_Xbox;43265;"Simpsons hit & run - 2003 - PC";298d7d55972d3b1b0fc89253a13857aaa18d6bcb
2162;Games_Xbox;43878;"FSX Ants Airplanes-Drifter Utralight v 1.10";4d8e6a03fb00de95866d7c42911971f715f8a204
2162;Games_Xbox;43861;"FSX Carenado PA34 Seneca v 1.00";cb5ac8bf625f6b59dce977a2548c5e441912677a
2162;Games_Xbox;45159;"Dungeon Keeper Gold GoG";3ecefa9896d0707f9091fe7d5a6b2076c93f7fa1
2162;Games_Xbox;451074;"NBA.2K18.XBOX360-COMPLEX";2f291f5cd19b27433de47f09550ca21b2ea7a77a
2162;Games_Xbox;451049;"Cars.3.Driven.to.Win.XBOX360-COMPLEX";3e314f8054a63bce4e6fa13d5b0b31b9e5f418fe
2162;Games_Xbox;45860;"Blood.Bowl.2.Nurgle-CODEX";ca0af34e8ac8b2aa6fe44886a36ce41162938dc5
2162;Games_Xbox;459445;"Minecraft.Story.Mode.Season.2.PAL.NTSCU.XBOX360-PeCetoLog";6c5174c2a0af57f4ad89d96becc823156157184b
2162;Games_Xbox;70181;"[360] Silent Hill Homecoming - ISO - NoTag";038f8fa4200882fbf3fd6d30a4675e0c946d0367
2162;Games_Xbox;70192;"Splinter Cell Double Agent - Xbox360 - ISO - Hornetovore";1d10cfeb2538d06a81024ad7c697c4db8df542e4
2162;Games_Xbox;71881;"[xbox360] Super street fighter 4 -  ISO - NoTag";e4d30fedaabe02e911fd775bd6a51026f2e18768
2162;Games_Xbox;71853;"[xbox360] Naruto shippuden ultimate nonja storm 3 - ISO - NoTag";6541c91d4fad4e6e559b36d96a25848c06c2ae52
2162;Games_Xbox;74093;"[xbox360] Blur - ISO - NoTag";11e03080e24c7aa5c6a26937dcdf6acf57fd1e39
2162;Games_Xbox;74204;"[xbox360] Dirt showdown - ISO - NoTag";803c85cced6d8cd75f76135deed749b7cf60273a
2162;Games_Xbox;74242;"[xbox360] Dirt 3 - ISO - NoTag";cda4daeb863e320db8d1c4e4b556502c46c3a280
2162;Games_Xbox;75031;"[xbox360] Fuel - ISO - NoTag";100b06c1d8ed60d4db5df46ea984517721ee290b
2162;Games_Xbox;75158;"[xbox360] Full auto - ISO - NoTag";11504967074b751279cd482f518506b6abdd17d9
2162;Games_Xbox;609551;"[XBOX360] Guitar Hero III : Legends of Rock [REGION FREE][MULTI][ISO]";1628614b33b4182685a84afa963ca71e4d4226a1
2162;Games_Xbox;613693;"[XBOX] - 007 Under the fire / Espion pour cible [PAL] - [ISO]";0fb428561082618a14ca14a4efee4894d5acaeff
2162;Games_Xbox;613645;"[XBOX] - Stubbs the Zombie in Rebel without a Pulse - [ PAL ] - [ ISO ]";97e83cfe4313ad75af2cb3515b6f25caadb0445a
2162;Games_Xbox;613666;"[XBOX] Scarface : The World is Yours [PAL] - [ISO]";e63eb7532f628bca08c8b23ad438442e6320184a
2162;Games_Xbox;613656;"[XBOX] - MAFIA - [PAL] - [ISO]";99b245b28bc2160febe8d8566f455a7641a9b921
2162;Games_Xbox;64057;"[18+]HunieCam Studio 1.0.2";acd4a8381215af01fbe03b3072e4b641a4a67bee
2162;Games_Xbox;644752;"[X360] Fable 2 Pal FR - CLC";c3614552b1fe12cba87459f1149975526678df9d
2162;Games_Xbox;671090;"[XBOX 360] Apache.Air.Assault.Multi.2009.Tritoff62";47149328af479bd5aeae3665d26fdc3d3d11a79d
2162;Games_Xbox;674753;"[XBOX 360] Angry.Birds.Trilogy.Multi.2012.Tritoff62";f1a5aee3300493ed340a10770cae279fefa8873a
2162;Games_Xbox;67826;"[P3D V3/V4] PMDG 747-400 QOTSII - v3.00.8415";1e99e0654d8b14dcff9fbaf0d0f7c6b87d0f835c
2162;Games_Xbox;66893;"La Légende de Spyro: Naissance d'un Dragon xbox360 (xkey)";e098cd7b6a185f921323467fb53e51b29463c3ff
2162;Games_Xbox;66550;"Bioshock Infinite XBOX360";d7d3f13ff0ef7f0f5b70b7d22526c4de1273cfc2
2162;Games_Xbox;66560;"Bioshock Ultimate Rapture edition XBOX360";63425c35546f0ee2d16290fd957ddff290bfa52d
2162;Games_Xbox;698425;"[XBOX 360] Sega.Dreamcast.Collection.2011.Tritoff62";4891d8c306a6e94411001e7bb47e913738e8ec21
2162;Games_Xbox;65223;"Sonic.All.Stars.Racing.Transformed.XBOX360";71fcb9c1272afb35a7b9b6f6094ab38b3d1a9d52
2162;Games_Xbox;657657;"[XBOX 360] Avatar.Multi.2009.Tritoff62";8f6727b0d9683dca7ae9ed6c62644f14211f7b97
2162;Games_Xbox;657660;"[XBOX 360] Brutal.Legend.Multi.2009.Tritoff62";f26e2d7c6363ad2fb42334c06d1e3842760a2095
2162;Games_Xbox;948;"Call_of_Duty_Black_Ops_II_FRENCH_XBOX360-iNCiDENT";f0d2fdf0462751d812fa76edaf43c1876f1fd733
2162;Games_Xbox;963242;"Microsoft.Xbox360.Pack.French.Pal.ISO.Part.12";fcd500754a3cbb50d9ad09cf6cfbb87482e7a78c
2162;Games_Xbox;963215;"Microsoft.Xbox360.Pack.French.Pal.ISO.Part.11";6255d98aca2f74f802d84eda67fc830d5b54ee14
2162;Games_Xbox;965711;"Microsoft.Xbox360.Pack.Multi.Region.DLC.Sephirsem";c0b8bc64689f5225ef4b34310ce279cd6a078a12
2162;Games_Xbox;958673;"Microsoft.Xbox360.Pack.French.Pal.ISO.Part.3";58fe6bb69140f07595327a56cb7de965c9ab1579
2162;Games_Xbox;958171;"Microsoft.Xbox360.Pack.French.Pal.ISO.Part.2";ce4a380c9b64d6bcf8e0cc410566806d7f1b835e
2162;Games_Xbox;958753;"Microsoft.Xbox360.Pack.French.Pal.ISO.Part.4";96502288897d4e0711cf7bd9694f6c4680ec8539
2162;Games_Xbox;958155;"Microsoft.Xbox360.Pack.French.Pal.ISO.Part.1";3595e03b20738016e7a9d00df30a15263bd69612
2162;Games_Xbox;959749;"Microsoft.Xbox360.Pack.French.Pal.ISO.Part.10";366663962b83b3106da70ce6f802041dcef17d53
2162;Games_Xbox;959276;"Microsoft.Xbox360.Pack.French.Pal.ISO.Part.6";c3e0e8d89ef1cc3d889af0cb4e03846ea76dcd07
2162;Games_Xbox;959427;"Microsoft.Xbox360.Pack.French.Pal.ISO.Part.7";c9f4bad0819db1ec521bd5cb1e1617f4c3d5a102
2162;Games_Xbox;959610;"Microsoft.Xbox360.Pack.French.Pal.ISO.Part.9";4d139da3bd826ec65a8252bbbcde695eaca96edb
2162;Games_Xbox;959177;"Microsoft.Xbox360.Pack.French.Pal.ISO.Part.5";e30921ec1d51b5d85a7c61a5ef23e80349f967f5
2162;Games_Xbox;959430;"Microsoft.Xbox360.Pack.French.Pal.ISO.Part.8";561a5166ac06c16a5f79ae3cb9ef2a4a775e4cd7
2162;Games_Xbox;30074;"Botanicula GOG v1.0.0.7";87c35dea952424b1acc35f6d0101f76bbe228e4f
2162;Games_Xbox;30625;"Samorost collection (1, 2, 3) GOG";bc8cee63889f7cc1b58b0378ce647353be8f1361
2162;Games_Xbox;3171;"Constructor HD - CorePack";95aeb7f0524b79aefcd67cff9529fe90900ebdcc
2162;Games_Xbox;316488;"[XBOX360] Darksiders 2 - MULTI PAL - JTAG/RGH";180bc0cf72ca015e3e7866d2b381a4312aac9699
2162;Games_Xbox;316344;"[XBOX360] Darksiders - MULTI PAL - JTAG/RGH";16f471ebeb9878ded59989c43f5f79f75b4a451b
2162;Games_Xbox;315057;"[XBOX360] GTA V - JTAG/RGH - MULTI PAL";4588e0fae656e69ed6f78df447ee92f53aae4242
2162;Games_Xbox;315326;"[XBOX360] Need For Speed Rivals - MULTI PAL - JTAG/RGH";b920f3f98fdd80963ce1531b1c54c64b077ec17a
2162;Games_Xbox;321088;"[XBOX360] Gears of War Judgement - MULTI PAL - JTAG/RGH";6443bb9ac6fa41b2112f679df1ea4086a3da6afb
2162;Games_Xbox;322513;"[XBOX360] Child of light [XBLA][JTAG-RGH][MULTI]";2b51a89c06318b8657b6caddfb2e975e0ed5a97e
2162;Games_Xbox;324750;"[x360] The Elder Scrolls V : Skyrim Legendary Edition PAL/NTSC FR XBOX360-iNSOMNi";a7f91c1c1cddd3df641a30b2d429c30638237abd
2162;Games_Xbox;324494;"[XBOX 360] Rayman Origins [JTAG-RGH][MULTi]";58a09d2022fcef1beafc1953ca89a67aa95dae8c
2162;Games_Xbox;327278;"Monopoly.Streets.RF.XBOX360-NGRP";8405ef5d262f708375da7049c8fe600da67baeeb
2162;Games_Xbox;329520;"[XBOX360] Worms The Revolution Collection [REGION FREE] [PAL] [ISO]";243b093226c4288f3b1a65a69d648a8f4e199baa
2162;Games_Xbox;329013;"Dirt.3.Complete.Edition.RF.XBOX360-SPARE";dc1f22b11e56fb6e1caf1fbe6c98c9e59124a92e
2162;Games_Xbox;325508;"[XBOX 360] FIFA 19 (PAL) (NTSC) MULTi3";af905c9c488832d5c372ecc72b13d8f3bfbfcd6a
2162;Games_Xbox;340966;"Forza.Motorsport.4.Racing.GOTY.PAL.XBOX360-iNSOMNi";4628108630198fbce30a14a941791d3445baef5d
2162;Games_Xbox;340510;"My.Sims.Sky.Heroes.XBOX360-SPARE";618a1a5058597070d5383046c6e291d0f2929616
2162;Games_Xbox;341563;"Kinectimals.Gold.Now.With.Bears.RF.XBOX360-CHATO";06bd3b0e66a9f8dce83d038fc4a8e4a162e88c56
2162;Games_Xbox;342220;"Lego.Star.Wars.The.Force.Awakens.XBOX360-COMPLEX";132b3a10dd27ba27e800e6c16647152cf3eca10b
2162;Games_Xbox;342224;"LEGO.Batman.3.Beyond.Gotham.XBOX360-COMPLEX";eb168ab098edd639eadda14b7d6e3efc1e7d3f2a
2162;Games_Xbox;342485;"LEGO.Movie.Videogame.XBOX360-iMARS";7e0f53bf6229a84e5e4273cd9b82da4f8498813d
2162;Games_Xbox;342459;"Lego.Dimensions.XBOX360-lululafol";df111f7bcb864b4ff9cec3effda1e6225ad2a38b
2162;Games_Xbox;344650;"LEGO.Harry.Potter.Years.5-7.XBOX360-iMARS";e7bfb425f68529485d5acd1604e887cf1f5e1abe
2162;Games_Xbox;347642;"Minecraft.XBOX360-COMPLEX";f2f3d3ecfdef00b26e0ce9de291a5b03f173680a
2162;Games_Xbox;347127;"Minecraft.Story.Mode.The.Complete.Adventure.XBOX360-COMPLEX";00584e05ad3bd1d49232a694fcd4342b918ae8f5
2162;Games_Xbox;347210;"Lego.Star.Wars.III.The.Clone.Wars.XBOX360-MARVEL";5c0761ea4ad40378a17a57a8e97e26fe89e3e212
2162;Games_Xbox;346294;"The.Walking.Dead.GOTY.PAL.XBOX360-iNSOMNi";711fbe798f9a7b5d44ddceb0cf5d3686377f1d32
2162;Games_Xbox;34693;"Tales_of_Vesperia_PAL_XBOX360.iso";908d5854cc0b87f572dfcb00d1bca17ff64ba3c3
2162;Games_Xbox;346549;"LEGO.Jurassic.World.XBOX360-COMPLEX";4e76149ceb5d001a7bfb4ae5f2dc11b416938079
2162;Games_Xbox;348964;"Disney.Infinity.3.0.Edition.XBOX360-iMARS";b88067074a0b8416ce385075a567bff4e7166ead
2162;Games_Xbox;348179;"LEGO.Indiana.Jones.The.Original.Adventures.XBOX360-iMARS";8004cd5e2f56cc0063a04d88857318b3f01a4202
2162;Games_Xbox;348759;"LEGO.Indiana.Jones.2.The.Original.Adventures.XBOX360-COMPLEX";cc30ac8ea822fc48973ef8ed99e8b89767906290
2162;Games_Xbox;349495;"Kung.Fu.Panda.Showdown.of.Legendary.Legends.XBOX360-COMPLEX";b3067d3a4a790589255510d948d5536a5da915b2
2162;Games_Xbox;343689;"LEGO.Harry.Potter.Years.1-4.XBOX360.PAL-iMARS";4f01ccae9172c4f04b17c9bb57ed863d9911b210
2162;Games_Xbox;343511;"LEGO.The.Lord.of.the.Rings.XBOX360-iMARS";27177e5a18d19f209025767951ebaa4d7571212f
2162;Games_Xbox;345101;"LEGO.The.Hobbit.XBOX360-COMPLEX";d0ce7a308aabfbff21b113600153bb7f37a0972e
2162;Games_Xbox;345402;"LEGO.Pirates.of.the.Caribbean.XBOX360-RiOT";f322c4212ab530cb6812a1940fe1cd9b42d72b15
2162;Games_Xbox;345673;"[XBOX360] Just dance 2019 [REGION FREE]";8d5857a5ed9a18214c6ff62840422a68cfca0c5b
2162;Games_Xbox;345783;"LEGO.Marvel.Super.Heroes.XBOX360-iMARS";0142876d5f4ec0e479cf9b94057ff96e299da970
2162;Games_Xbox;371546;"Titanfall.XBOX360.iMARS";6b7ef89384356719d97ca0bc6f245ed7566a57f5
2162;Games_Xbox;372637;"Enemy.Front.XBOX360-PROTOCOL";aa1ceb7476ca06708d23a145550724e7bc75b2a2
2162;Games_Xbox;372073;"Defiance.XBOX360.COMPLEX";f3f41f3b99a76137152727b1e23cbd6255b832dd
2162;Games_Xbox;377510;"Ridge.Racer.Unbounded.XBOX360.SWAG";b0ad505fb9f43c4f0f44e49a280a8fc55db34c6c
2162;Games_Xbox;376955;"Steel.Battalion.Heavy.Armor.XBOX360-iMARS";205203c4c023a7d187ab5ee9ecd81623e5224e8d
2162;Games_Xbox;378125;"Crash.Time.4.The.Syndicate.XBOX360.STRANGE";53deaee8b91c8cc958ee7196e0633ea26f6b74ec
2162;Games_Xbox;379165;"Collection de jeux XBOX 360 JTAG/RGH - Multi - Part 1";0b6ab1f637e787a5779f7cf8aa5973cf01d74ddf
2162;Games_Xbox;379491;"Collection de jeux XBOX 360 JTAG/RGH - Multi - Part 3";8efd1eb334b87b45966011d6169103316d6f7cd0
2162;Games_Xbox;379471;"Collection de jeux XBOX 360 JTAG/RGH - Multi - Part 2";49c47d2fbde86f05cb18ac12167a487757d797fb
2162;Games_Xbox;373351;"Fable.Anniversary.XBOX360-PROTOCOL";9327fc5362e799657b19115974a908eb7e4d5275
2162;Games_Xbox;375597;"Harry.Potter.Kinect.XBOX360.STRANGE";96524df9a31114fe3e32fcfc6d1eeae5c45f46de
2162;Games_Xbox;360329;"Rugby.Challenge.3.XBOX360-COMPLEX";a38499821a7dce8113fc0bca918ce88e12802fc7
2162;Games_Xbox;360890;"NHL.Legacy.Edition.XBOX360-iMARS";2bdd6ef2f199e53025a1248b72ff79203a8dc7cd
2162;Games_Xbox;360897;"Madagascar.3.The.Video.Game.RF.XBOX360-ZRY";9188fe5c672956f9d21c56f43449c45c59aa14af
2162;Games_Xbox;360608;"Handball.16.XBOX360-COMPLEX";3be23d435dd3f7c66ea7560c6b8e64446aa14ef0
2162;Games_Xbox;3607;"Warhammer 40k - Dawn of War 3 [FitGirl Repack]";706e287c7fcc58edc53388d738b8fa50c5a8d4e3
2162;Games_Xbox;361674;"Shrek.Forever.After.XBOX360.PAL-SWAG";6d691d1af8b55964db953e725f31b02014fdf221
2162;Games_Xbox;361004;"Nascar.15.XBOX360-P2P";e7ed46ec7ea93b37c01b34221396588fb9a189b8
2162;Games_Xbox;361287;"The.Serious.Sam.Collection.XBOX360.PAL-COMPLEX";674c67ef9c2e61f4b855b830830497fd2f14661d
2162;Games_Xbox;362033;"Worms.Collection.XBOX360-iMARS";8f60e922136cc9d714756f960e6ce8e8efd6c0f9
2162;Games_Xbox;362065;"Driver.San.Francisco.XBOX360-COMPLEX";f8a1da5e8efd8241a056c93a011446455343d69b
2162;Games_Xbox;362356;"MotionSports.Adrenaline.RF.XBOX360-iMARS";9b07f007478e8219b9a4dd11049cc0e724c74a8b
2162;Games_Xbox;364137;"Disney.Infinity.XBOX360-iMARS";040789524b60145caf44e04ed517613692cc133e
2162;Games_Xbox;366554;"Plants.vs.Zombies.Garden.Warfare.XBOX360-iMARS";63cfc08978438278e32c799306c78e166ff761dc
2162;Games_Xbox;363460;"Bolt.RF.XBOX360-CCCLX";6ee4ff81f99a67dfffd45d1227899486c7ab9637
2162;Games_Xbox;363423;"LEGO.Rock.Band.RF.XBOX360-NGRP";ea08bd712e14d9d3fad612a8e5ca1171133e70fe
2162;Games_Xbox;363057;"James.Camerons.Avatar.the.Game.XBOX360-STRANGE";507b9334d1281d07114f649c652c946c1a6a4f64
2162;Games_Xbox;363059;"Capitan.America.Super.Soldier.XBOX360";8510d823bd21b816159d12bdb27746eda7240af6
2162;Games_Xbox;363761;"Disney.Infinity.2.0.Edition.XBOX360";510db7fe21f49d22ea67b85b1ce90b356539f587
2162;Games_Xbox;363424;"Test.Drive.Unlimited.2.XBOX360.iMARS";db7f308c336b3bbfddf4523b4aafeac35831bee6
2162;Games_Xbox;380609;"Tiger.Woods.PGA.Tour 13.XBOX360-iMARS";41d1bdb3828c512a714346d2b9dc2719e416ee76
2162;Games_Xbox;380922;"Doom.3.BFG.Edition.XBOX360-UNLiMiTED";5e9c22e96d22d1f20b79d3223351bb2764a4b814
2162;Games_Xbox;381542;"Tom.Clancys.Ghost.Recon.Future.Soldier.XBOX360-iMARS";35294bab433eb5d6c4f115926293fcbffe644314
2162;Games_Xbox;382635;"Splinter.Cell.Blacklist.XBOX360-GPX";52a3e082314c26772e907589bf0f037cef5903f3
2162;Games_Xbox;38869;"Armello-CODEX";ea2d15524cbd3bd3e6c8b6e845fa76ef6d8e5d26
2162;Games_Xbox;388521;"[XBOX 360] ZUMBA FITNESS WORLD PARTY [PAL EN]";a907aac9d47054b4ef808c3d5f73dd9b232660df
2162;Games_Xbox;383772;"Xbox 360 THE HIP HOP DANCE EXPERIENCE Pal";99deb6d38c32acea15cd3e5ddf61d68a5102e4d2
2162;Games_Xbox;390984;"Tony Hawk Underground 2 [XBOX][PAL]";f3cd529c6fc1d181767188474e4c0ef4b007b71c
2162;Games_Xbox;390961;"Tony Hawk Pro Skater 3 [Xbox][PAL - FR]";7c2ef57b3f7a602f4bdb12bca768e5b0f43649c0
2162;Games_Xbox;391396;"Gears of War 1 XBOX360 JTAG/RGH [Multi]";4471208a0f9f0ce688b8e482101101b408a8409e
2162;Games_Xbox;392572;"GTA Vice City [XBOX][PAL][MULTI]";12f1b978c5d598b72ebb62a0756e81a3023fbb57
2162;Games_Xbox;330787;"Tropico.5.XBOX360-COMPLEX";2fb33620264644ed0f0e67086e52d1d8667cde43
2162;Games_Xbox;331744;"Street.Fighter.X.Tekken.XBOX360-COMPLEX";d2ae56b053b8d32253d7b1f460e398b8bd9353bc
2162;Games_Xbox;334551;"Burnout.Paradise.The.Ultimate.Box.RF.XBOX360-RANT";75f0437515ae9949b1264c9866defd8c1812ce7a
2162;Games_Xbox;337801;"WRC.World.Rally.Championship.3.XBOX360-COMPLEX";bc24b4e5e1505ba1cb2ed297cddf15768d4a30e7
2162;Games_Xbox;337295;"Angry.Birds.Trilogy.XBOX360-iMARS";39298e6d37c664782bc0bde20f4fc60954a2d940
2162;Games_Xbox;336314;"Crash.Bandicoot.Mind.over.Mutant.RF.XBOX360-NGRP";48d8dd115ef4296f46b941605d74a1cbf5ec68a7
2162;Games_Xbox;338052;"The.Amazing.Spiderman.XBOX360-iMARS";be42506f36780dfca74db024ead9ff4ad5d748b7
2162;Games_Xbox;339270;"Angry.Birds.Star.Wars.XBOX360-PROTOCOL";0c074336634cd02a68422061d18535a6b11270a4
2162;Games_Xbox;333154;"The.Crew.XBOX360-COMPLEX";9be48aa22159dc697d628bfcf8c0129b97c6887d
2162;Games_Xbox;333470;"Monster.Jam.Path.Destruction.XBOX360-SPARE";caf54ac4b3717ba680ada3558159bb7b4e86f6a8
2162;Games_Xbox;333924;"FlatOut.Ultimate.Carnage.PAL.XBOX360-FW";cf3f75bd0fcc0d624563739df6dbe982e8517ae6
2162;Games_Xbox;350233;"Dreamworks.Super.Star.Kartz.XBOX360-SPARE";a980f370033a67274bcb5217dde7bc1f9cee221c
2162;Games_Xbox;350797;"Assassins.Creed.Rogue.XBOX360-iMARS";219e3971ab25042ca86500e50edbe8b5d41ffd47
2162;Games_Xbox;352438;"Kinect.Rush.A.Disney.Pixar.Adventure.XBOX360-iMARS";42306f8db6e339c290092404774c73a166edbe65
2162;Games_Xbox;352156;"Dead.or.Alive.5.Ultimate.XBOX360-COMPLEX";fc304996d0ed62e4e9bcc5a440115ec554ff9619
2162;Games_Xbox;352432;"Marvel.Super.Hero.Squad.Comic.Combat.XBOX360-iMARS";c50786d40f9762a3f63b14a9891c8c8cb5153717
2162;Games_Xbox;352436;"Disney.Epic.Mickey.2.The.Power.XBOX360.PAL-iMARS";3c7777c2c261d77b6d2bf531ba95fb027af57eab
2162;Games_Xbox;354643;"The.Smurfs.2.XBOX360-iMARS";6650181f827560a0a05689c082ab512479c6b5f7
2162;Games_Xbox;354867;"Asterix.at.the.Olympic.Games.XBOX360-SWAG";893c567ae27a56230bb4fad251bbffa5f8ac309f
2162;Games_Xbox;354290;"Zoo.Tycoon.XBOX360-STRANGE";1b4e3f15f8d06b76032c7d0f30de038170643875
2162;Games_Xbox;354648;"How.To.Train.Your.Dragon.2.PAL.XBOX360-iMARS";a797dae73488600e6c2c13cc8fc78f66cbfaa3ff
2162;Games_Xbox;357704;"Kinect.Adventures.XBOX360-MARVEL";35c6c2e400ddcfb71eabd2f6a56e579809991e84
2162;Games_Xbox;357268;"MotionSports.XBOX360-GLoBAL";4a50cd7190c4912ea98dcb3a357439830b34180d
2162;Games_Xbox;357705;"Megamind.Ultimate.Showdown.XBOX360.SWAG";99e7263128d21d02570ceef4bf4a6ad48ae51ac9
2162;Games_Xbox;356298;"Sports.Island.Freedom.PAL.XBOX360-GLoBAL";8b0f6a623bbb1b15fd20b76083c07246efec6fc3
2162;Games_Xbox;356785;"Self.Defense.Training.Camp.XBOX360.CHARGED";f13181da5ae621e76ef13a4868175bd285b3f30f
2162;Games_Xbox;358434;"Brunswick.Pro.Bowling.XBOX360.ZRY";45adf1fd1e3273e49028aea40e0089d6b30650b5
2162;Games_Xbox;358966;"[XBOX360] Skylanders Imaginators [Région Free]";b2ba4447bdfe2871f63fb9f6b643545a01fa8cbe
2162;Games_Xbox;358154;"Just.Dance.Disney.Party.2.XBOX360-COMPLEX";78a08dd9fbd960b8d4474eaddfbd62fa94606cb2
2162;Games_Xbox;358432;"Game.Party.In.Motion.XBOX360-COMPLEX";53afe85f559ea483dd47a835ce8ec1defeb61490
2162;Games_Xbox;353014;"Up.XBOX360.RF-SPARE";ed466612dfe6efd25443d6ed10c4cb132be27151
2162;Games_Xbox;353013;"Disney.Universe.XBOX360-SPARE";9afb367227b746bf32a4cdd065c00f1b7935f777
2162;Games_Xbox;353747;"Toy.Story.Mania.XBOX360.iMARS";3b50a5fedf5275b4e2cebdbed156a7592f8dcd03
2162;Games_Xbox;353749;"Kinect.Sports.ultimate.collection.RF.XBOX360-MARVEL";06b07c09355c17f9451f50ab5846991b41619226
2162;Games_Xbox;353659;"Meet.The.Robinsons.PAL.XBOX360-PARADOX";5d42e683a09b26a2456850fa144acbbf37fe6b61
2162;Games_Xbox;353907;"Virtua.Tennis.4.XBOX360-iMARS";97aabaf7d3683a432551e28faeb2be6c8486aafa
2162;Games_Xbox;353391;"Rio.XBOX360-iCON";ef7f9396852ec36bf65fa2a42b8f1550b3957a62
2162;Games_Xbox;355782;"Hot.Wheels.Worlds.Best.Driver.XBOX360-iMARS";6a7bf50a837a231c3351e4b02e9615716e3f75bc
2162;Games_Xbox;355783;"Udraw.Studio.Instant.Artist.RF.XBOX360-MARVEL";e17c6031375674fa2f6079424e37a1bf391cf039
2162;Games_Xbox;507364;"Aliens_Colonial_Marines_XBOX360.ISO.MULTI";608146766ea686729bf2b2947ee79e340df980e9
2162;Games_Xbox;506721;"Iron_Man_2_The_Videogame_XBOX360-STRANGE";75daad69b9796e5d518a365149d139f6211f9aa1
2162;Games_Xbox;506649;"Need_For_Speed_Rivals_XBOX360-PROTOCOL";b333e98c013d08f07fc912354de885881ffb6375
2162;Games_Xbox;54352;"[x360] Cars 3 - course vers la victoire -xbox360";677364569133d9ba8e09dccd60a55fb5b1de2fff
2162;Games_Xbox;57146;"Objets Caches GigaPack DvD vol.10 (VF)";10eae3c5c22968e4881a991ed117a37a2252ff32
2162;Games_Xbox;5875;"Borderlands.GOTY.Edition.FRENCH-Mephisto";fe3f198784b411fcc6a045018ccb74c3efcb6956
2162;Games_Xbox;596416;"Conker - Live & Reloaded (USA) xbox  (En,fr)";6fc221c26d751e73708ae23ab0873a9803cac8b1
2162;Games_Xbox;59917;"Lego.Star.Wars.The.Complete.Saga.PAL.XBOX360";a42dafdcf3fe0362b026f9a25c165dc88a610101
2162;Games_Xbox;531628;"Yaiba.Ninja.Gaiden.Z.XBOX360-iMARS";e8c974df2be59aadfd0e4ae0e4b991524c33d14c
2162;Games_Xbox;5322;"SYBERIA 2";bfcb36e6213d687d5b643b7ff7b30579cbf52e96
2162;Games_Xbox;53766;"STASIS Deluxe Edition Multi-PROPHET";eda22b89f33b7b2b706ac21ce11eb472c1c6f07e
2162;Games_Xbox;53645;"Call Of.Duty.Black.Ops.III.XBOX360-iMARS";aa8c6d320277bc89e764d77ed9d28b2daf3889fa
2162;Games_Xbox;536415;"F.E.A.R 2 Project Origin ISO XKEY360 PAL";e8d214549c1805f0643db08d98f908c74e8c2eee
2162;Games_Xbox;53650;"Wargame.European.Escalation.MULTi11-PROPHET";eaa68964ef7c82a45476ced0d95531377e5aeae7
2162;Games_Xbox;536551;"Cobra 11 Crash Time [PAL - MULTI 3 - XBOX360]";e48459e6a4fec48056ce8fd5927348427ca5c4f4
